{
  "adaptive_last100_mean": 344.24130804367206,
  "adaptive_mse_mean": 344.24130804367206,
  "base_mse_last100_mean": 344.45406642583356,
  "base_mse_mean": 344.45406642583356,
  "env_mode": "linear",
  "mu": 0.12,
  "run_dir": "artifacts/sessions/s1/runs/s1_1768677462_seed2",
  "run_id": "s1_1768677462_seed2",
  "seed": 2,
  "session_no_update_last100_mean": 344.45406642583356,
  "session_no_update_mse_mean": 344.45406642583356,
  "steps": 96,
  "updates_attempted": 3,
  "updates_committed": 1,
  "updates_rolled_back": 2
}